id,user_id,email,first_name,last_name,address,city,state,zip_code,referal_code,referal_code_used,first_purchase_complete,credit_available
1,tlancley0,tlancley0@google.co.jp,Tanner,Lancley,2368 Forest Dale Alley,Anaheim,CA,92812,19-074-2339,53-918-2996,false,$1.40
2,gmowsdill1,gmowsdill1@imdb.com,Gayla,Mowsdill,088 Clove Road,Paterson,NJ,07544,14-140-9650,38-145-0156,true,$9.79
3,iavieson2,iavieson2@phoca.cz,Imogene,Avieson,72 Dwight Road,Denton,TX,76205,56-334-9781,23-145-5544,true,$5.36
4,gsherrock3,gsherrock3@ovh.net,Genni,Sherrock,21 Magdeline Avenue,Akron,OH,44310,12-528-1045,82-610-7279,true,$6.91
5,pbadsey4,pbadsey4@stanford.edu,Phineas,Badsey,4870 Fair Oaks Pass,Louisville,KY,40298,11-145-0944,67-304-4570,true,$6.68
6,epouton5,epouton5@indiatimes.com,Edie,Pouton,015 Crowley Park,Arvada,CO,80005,18-069-8616,47-760-5723,false,$9.48
7,sjanczewski6,sjanczewski6@multiply.com,Sonnnie,Janczewski,0579 Kensington Lane,El Paso,TX,79923,65-293-7991,05-381-8532,false,$1.97
8,idulinty7,idulinty7@blog.com,Irwinn,Dulinty,89 Waywood Park,Hollywood,FL,33028,45-229-2551,79-341-7725,false,$2.36
9,rpiers8,rpiers8@hhs.gov,Ruperta,Piers,301 Cambridge Drive,San Diego,CA,92110,13-510-5717,89-516-2216,true,$9.25
10,dmacellar9,dmacellar9@bigcartel.com,Daryl,Macellar,60651 Fisk Avenue,Sacramento,CA,94250,73-617-5416,41-829-2086,false,$7.91
11,bmcmurraya,bmcmurraya@webeden.co.uk,Bernelle,McMurray,1 Westport Park,Wilkes Barre,PA,18768,63-910-3457,65-084-5345,false,$4.53
12,lnocklesb,lnocklesb@t-online.de,Lishe,Nockles,1 Susan Parkway,Chicago,IL,60624,48-958-0534,34-699-7573,false,$8.95
13,sivanenkoc,sivanenkoc@rakuten.co.jp,Sarge,Ivanenko,042 Village Green Lane,Anniston,AL,36205,26-442-2173,65-837-4156,true,$5.48
14,kdallemored,kdallemored@cbsnews.com,Kenna,Dallemore,76 Sugar Alley,Tulsa,OK,74149,34-392-3809,16-838-2880,true,$2.22
15,niacovoe,niacovoe@stanford.edu,Nell,Iacovo,6580 Briar Crest Street,Dallas,TX,75397,18-376-5697,29-484-5530,true,$10.00
16,jgunnerf,jgunnerf@list-manage.com,Jourdan,Gunner,42 Boyd Place,Camden,NJ,08104,87-917-4367,35-506-4355,true,$0.09
17,gfrenzlg,gfrenzlg@instagram.com,Gabbie,Frenzl,1 Southridge Way,Colorado Springs,CO,80995,06-018-7131,90-159-8598,true,$2.79
18,mmcskinh,mmcskinh@adobe.com,Merla,McSkin,56727 Sutherland Lane,Daytona Beach,FL,32118,43-174-4953,35-285-0427,true,$1.10
19,travilusi,travilusi@usa.gov,Torre,Ravilus,8 Rieder Lane,Pensacola,FL,32575,25-197-1424,99-187-1265,false,$9.41
20,ckuschaj,ckuschaj@t-online.de,Coleman,Kuscha,1244 Utah Circle,Corpus Christi,TX,78405,55-350-0170,33-185-8685,true,$1.17
21,rjurisick,rjurisick@mlb.com,Rhetta,Jurisic,2 Hauk Lane,Buffalo,NY,14215,86-541-5496,56-727-8088,true,$7.24
22,cdimaggiol,cdimaggiol@51.la,Carmina,Di Maggio,57 Mallory Place,Seattle,WA,98166,71-364-4848,77-548-3903,true,$8.33
23,dbattym,dbattym@taobao.com,Dimitry,Batty,14 Eagan Terrace,Boise,ID,83727,83-209-7039,99-352-1139,true,$1.42
24,sbrehautn,sbrehautn@wikia.com,Sayers,Brehaut,6 Del Mar Plaza,New Orleans,LA,70165,73-668-7713,14-073-1744,false,$2.75
25,cfewstero,cfewstero@businesswire.com,Curry,Fewster,11 Bellgrove Crossing,Saint Paul,MN,55146,55-713-5024,28-074-3801,false,$8.37
26,tralstonp,tralstonp@dyndns.org,Timmie,Ralston,28 Golf Park,Lexington,KY,40576,29-408-2278,39-356-1453,true,$9.24
27,kgruszkaq,kgruszkaq@auda.org.au,Kipp,Gruszka,480 Killdeer Drive,Dayton,OH,45454,65-158-0363,50-371-1261,false,$4.87
28,mpyottr,mpyottr@admin.ch,Moselle,Pyott,13572 Becker Pass,Washington,DC,20392,31-129-4735,78-197-1061,true,$5.91
29,jalyutins,jalyutins@usa.gov,Jesus,Alyutin,28103 Upham Center,Newport News,VA,23605,31-046-8306,61-111-0758,true,$6.54
30,grittert,grittert@eepurl.com,Giorgi,Ritter,8610 Gateway Lane,Boston,MA,02114,71-797-1285,39-671-3959,false,$7.63
31,vnieceu,vnieceu@google.com,Von,Niece,26949 Old Shore Way,Jacksonville,FL,32204,39-282-6552,30-220-7944,true,$2.54
32,ralbertv,ralbertv@senate.gov,Ralf,Albert,67508 Lerdahl Hill,Stamford,CT,06912,76-218-3552,34-188-2460,false,$3.21
33,atoopinw,atoopinw@eventbrite.com,Ardelle,Toopin,1 Cherokee Trail,Washington,DC,20420,90-358-2918,34-250-8012,false,$4.12
34,dgilchriestx,dgilchriestx@studiopress.com,Dmitri,Gilchriest,7 Dottie Circle,Los Angeles,CA,90010,84-413-1219,40-046-3993,false,$0.04
35,bwilldery,bwilldery@myspace.com,Bibbie,Willder,3882 Arrowood Drive,Fayetteville,NC,28305,27-446-7900,43-108-5392,true,$0.95
36,imackeeverz,imackeeverz@irs.gov,Ilyssa,MacKeever,441 Bellgrove Crossing,Aurora,IL,60505,46-415-3049,02-668-5726,false,$9.40
37,cingledew10,cingledew10@goodreads.com,Corliss,Ingledew,2783 Center Junction,San Bernardino,CA,92410,88-883-2190,54-120-3321,true,$0.58
38,lotowey11,lotowey11@ucoz.ru,Lynnelle,O'Towey,91953 Bowman Center,Evansville,IN,47712,23-426-4035,25-059-5558,false,$1.61
39,jvacher12,jvacher12@storify.com,Jeffrey,Vacher,88 1st Drive,Lake Worth,FL,33462,38-639-0246,04-606-9125,true,$4.39
40,ccroxford13,ccroxford13@un.org,Christal,Croxford,3 Stephen Crossing,Orlando,FL,32808,49-188-4218,63-613-9329,true,$7.43
41,rbrims14,rbrims14@gizmodo.com,Rania,Brims,817 Hoard Hill,Nashville,TN,37210,39-186-1994,21-107-5122,true,$6.10
42,mcallam15,mcallam15@flavors.me,Mark,Callam,822 Bluejay Avenue,Brooklyn,NY,11254,06-703-9404,06-774-8513,true,$0.17
43,tdesousa16,tdesousa16@technorati.com,Tobit,DeSousa,59 Lawn Avenue,Washington,DC,20404,87-796-0544,70-001-9130,false,$1.08
44,awhiffen17,awhiffen17@umn.edu,Andros,Whiffen,2652 Walton Way,Raleigh,NC,27615,80-706-5465,47-914-3034,true,$9.46
45,gflancinbaum18,gflancinbaum18@plala.or.jp,Garek,Flancinbaum,9171 Redwing Parkway,Amarillo,TX,79188,34-103-1830,77-195-9982,false,$1.96
46,rslark19,rslark19@posterous.com,Ramonda,Slark,53107 Vahlen Circle,Baltimore,MD,21265,32-281-6058,04-635-9241,false,$2.17
47,ebunson1a,ebunson1a@livejournal.com,Enrika,Bunson,44619 Lakewood Gardens Court,Fairbanks,AK,99790,17-030-3956,13-185-3291,false,$7.70
48,mraspison1b,mraspison1b@unblog.fr,Michael,Raspison,8 Homewood Lane,Cleveland,OH,44125,15-079-5843,40-021-5494,false,$9.60
49,qhaquin1c,qhaquin1c@marketwatch.com,Quentin,Haquin,31 Sundown Parkway,Laurel,MD,20709,40-909-9225,91-672-7798,true,$2.25
50,ileball1d,ileball1d@intel.com,Isaac,Le Ball,6839 Jenna Center,Hyattsville,MD,20784,34-820-2741,84-635-6425,true,$6.27
51,phartropp1e,phartropp1e@soup.io,Paulo,Hartropp,13 Westerfield Street,Dallas,TX,75392,15-760-1478,97-098-0168,true,$4.24
52,tvamplew1f,tvamplew1f@dailymail.co.uk,Toinette,Vamplew,2 Jenifer Terrace,Indianapolis,IN,46216,99-694-9362,82-882-5809,true,$0.64
53,jtomanek1g,jtomanek1g@example.com,Julius,Tomanek,6097 Kipling Alley,Columbia,SC,29220,48-126-3007,89-049-4408,true,$7.20
54,snelsen1h,snelsen1h@issuu.com,Siana,Nelsen,99357 Florence Trail,Scottsdale,AZ,85255,35-496-6263,62-068-4098,true,$0.54
55,jmitten1i,jmitten1i@rakuten.co.jp,Jourdan,Mitten,64 Claremont Avenue,Washington,DC,20088,04-380-3911,11-907-3684,true,$2.06
56,eshales1j,eshales1j@elpais.com,Elnore,Shales,01249 Scoville Trail,Des Moines,IA,50305,25-914-7634,86-150-8125,true,$2.82
57,rhaddington1k,rhaddington1k@bbb.org,Raquela,Haddington,406 Hayes Park,Saint Paul,MN,55166,73-215-9658,44-728-9166,false,$0.37
58,ekopf1l,ekopf1l@ibm.com,Elizabet,Kopf,06337 Chive Terrace,Richmond,VA,23260,21-305-8344,49-291-5139,true,$3.51
59,dtysall1m,dtysall1m@posterous.com,Dirk,Tysall,243 Corry Way,Sacramento,CA,94245,79-683-9093,24-303-0685,true,$8.15
60,opaintain1n,opaintain1n@ft.com,Olivier,Paintain,00563 Cambridge Crossing,Cincinnati,OH,45233,73-504-6817,49-815-4354,true,$1.66
61,schelam1o,schelam1o@samsung.com,Shea,Chelam,95 Sugar Place,Alexandria,VA,22333,25-059-9158,58-425-8438,false,$7.99
62,scamplen1p,scamplen1p@dagondesign.com,Sarina,Camplen,3226 Comanche Terrace,Evansville,IN,47747,71-751-8266,27-699-1228,false,$4.94
63,adobbing1q,adobbing1q@microsoft.com,Aldis,Dobbing,1693 Clove Lane,Wichita,KS,67210,70-130-2331,02-732-2828,true,$6.40
64,lshout1r,lshout1r@vk.com,Luciana,Shout,22 Summit Pass,Milwaukee,WI,53234,95-147-9201,73-525-1756,true,$9.80
65,emcgreal1s,emcgreal1s@usa.gov,Elane,McGreal,2 Acker Point,Columbia,SC,29240,33-507-3253,75-985-2102,true,$8.29
66,rpollett1t,rpollett1t@amazon.co.uk,Randie,Pollett,8 Anderson Place,Santa Barbara,CA,93111,60-917-8442,29-933-7668,true,$7.09
67,marmal1u,marmal1u@umich.edu,Merle,Armal,522 Lillian Plaza,Austin,TX,78737,58-329-3576,48-137-2823,true,$8.04
68,alavalde1v,alavalde1v@jimdo.com,Algernon,Lavalde,7 Huxley Drive,Gainesville,FL,32627,70-784-7088,66-665-1989,true,$8.89
69,dbaskerfield1w,dbaskerfield1w@angelfire.com,Debora,Baskerfield,15 Manufacturers Pass,Spokane,WA,99220,74-723-6953,57-756-7033,false,$3.00
70,sbalderston1x,sbalderston1x@macromedia.com,Stefanie,Balderston,9848 Hanson Street,Roanoke,VA,24040,81-441-7056,36-095-2208,false,$0.18
71,mdorran1y,mdorran1y@behance.net,Magnum,Dorran,36193 Carioca Hill,Iowa City,IA,52245,15-475-5127,36-808-4946,true,$3.31
72,ppatey1z,ppatey1z@oracle.com,Parrnell,Patey,14002 Gerald Place,Green Bay,WI,54313,78-079-2170,69-995-8770,true,$7.45
73,aharriagn20,aharriagn20@shareasale.com,Austina,Harriagn,7 Shelley Lane,Salt Lake City,UT,84189,37-449-3025,98-412-4777,true,$1.52
74,sjoffe21,sjoffe21@digg.com,Shae,Joffe,5356 Golf Trail,Herndon,VA,22070,62-343-3807,33-570-7405,true,$2.07
75,ayakubowicz22,ayakubowicz22@nps.gov,Annice,Yakubowicz,082 Scoville Junction,Des Moines,IA,50347,34-030-4031,06-397-4741,false,$5.95
76,keldredge23,keldredge23@seesaa.net,Karyl,Eldredge,97 Dryden Crossing,El Paso,TX,88525,27-168-8188,02-483-8228,true,$3.66
77,haizkovitch24,haizkovitch24@cpanel.net,Hebert,Aizkovitch,4205 Northview Street,Jefferson City,MO,65110,67-409-8528,33-574-8198,true,$1.02
78,tkells25,tkells25@yellowpages.com,Tomkin,Kells,54 Golf Alley,Raleigh,NC,27626,11-519-6946,87-367-9915,true,$1.31
79,wkeizman26,wkeizman26@techcrunch.com,Wakefield,Keizman,689 Swallow Drive,Washington,DC,20409,02-374-4875,62-541-4769,false,$1.10
80,lgounot27,lgounot27@nps.gov,Linette,Gounot,36924 Golf Circle,Knoxville,TN,37924,43-043-1923,59-848-5466,false,$7.48
81,kharragin28,kharragin28@blogger.com,Kellie,Harragin,76495 Hagan Park,Pittsburgh,PA,15210,21-032-6252,22-018-6122,true,$4.28
82,emeininger29,emeininger29@disqus.com,Elias,Meininger,415 Ronald Regan Parkway,Washington,DC,20530,22-876-6183,29-233-7775,true,$3.30
83,tpenzer2a,tpenzer2a@yahoo.com,Tiffy,Penzer,52299 Village Park,Pasadena,CA,91131,07-750-5821,96-227-3647,false,$7.04
84,ckiely2b,ckiely2b@discuz.net,Charmion,Kiely,38 Novick Crossing,Atlanta,GA,31119,68-237-9650,65-372-6270,false,$2.98
85,cdeclairmont2c,cdeclairmont2c@accuweather.com,Currie,De Clairmont,444 Duke Avenue,Philadelphia,PA,19104,36-290-2004,43-533-9356,false,$1.16
86,elowery2d,elowery2d@sun.com,Eberto,Lowery,30 Duke Parkway,Richmond,VA,23203,91-062-6310,06-849-4953,true,$2.01
87,opinnegar2e,opinnegar2e@topsy.com,Olivette,Pinnegar,92936 Erie Point,Modesto,CA,95397,15-549-0522,18-592-9084,false,$9.01
88,ebatchelor2f,ebatchelor2f@vimeo.com,Essa,Batchelor,4207 Spohn Junction,Van Nuys,CA,91406,06-940-7255,36-446-2486,false,$6.41
89,ltoun2g,ltoun2g@dailymotion.com,Lilllie,Toun,94 Scoville Street,Lawrenceville,GA,30045,84-278-9389,12-773-0702,false,$3.33
90,gsemor2h,gsemor2h@feedburner.com,Greer,Semor,1 Quincy Crossing,Columbia,SC,29203,75-333-7757,09-609-1548,true,$1.13
91,dwhiskin2i,dwhiskin2i@slate.com,Dorena,Whiskin,9 Dawn Plaza,Sacramento,CA,94250,27-214-0057,48-934-7574,true,$1.44
92,mkettell2j,mkettell2j@wunderground.com,Mace,Kettell,062 Lakewood Center,Oakland,CA,94627,61-687-1749,79-701-3110,true,$4.70
93,jtoombs2k,jtoombs2k@hhs.gov,Janeva,Toombs,567 Mockingbird Alley,Tucson,AZ,85748,93-040-8484,40-737-6117,true,$4.97
94,jluipold2l,jluipold2l@instagram.com,Jacky,Luipold,0 Holmberg Avenue,Boston,MA,02203,34-454-9239,01-567-5322,true,$9.64
95,ichantree2m,ichantree2m@irs.gov,Idelle,Chantree,946 Glacier Hill Street,Gainesville,FL,32627,65-181-2639,62-168-7730,false,$6.29
96,lgergher2n,lgergher2n@vistaprint.com,Lissy,Gergher,230 Holmberg Crossing,Atlanta,GA,30306,93-814-5206,74-591-3057,false,$2.84
97,wdedam2o,wdedam2o@tuttocitta.it,Woody,Dedam,686 Holmberg Junction,Knoxville,TN,37914,30-612-4644,94-805-9411,false,$2.01
98,mlineker2p,mlineker2p@friendfeed.com,Marvin,Lineker,5 Ryan Place,San Jose,CA,95123,88-948-9031,70-893-1959,true,$7.80
99,lgunny2q,lgunny2q@gravatar.com,Lucie,Gunny,05507 Mayfield Crossing,Brooksville,FL,34605,72-929-7043,68-147-1539,false,$2.87
100,scanby2r,scanby2r@icio.us,Shanon,Canby,925 New Castle Street,New Haven,CT,06538,82-959-9632,04-336-7932,false,$9.73
101,ndoles2s,ndoles2s@ovh.net,Nicol,Doles,7 Kennedy Lane,Reading,PA,19605,15-140-4011,70-301-8850,true,$0.27
102,cfeye2t,cfeye2t@nyu.edu,Chick,Feye,811 Larry Street,Brooklyn,NY,11210,06-715-2721,58-026-9155,false,$9.04
103,ekobpac2u,ekobpac2u@nationalgeographic.com,Eulalie,Kobpac,900 Judy Alley,Miami,FL,33190,94-432-8419,96-087-9033,true,$7.35
104,dassel2v,dassel2v@go.com,Douglass,Assel,88050 Reinke Point,Newark,NJ,07112,52-271-5328,90-457-3394,true,$8.96
105,rhrynczyk2w,rhrynczyk2w@macromedia.com,Roxie,Hrynczyk,5 Boyd Alley,Katy,TX,77493,00-657-7946,59-660-7384,false,$9.83
106,spartener2x,spartener2x@artisteer.com,Sula,Partener,0 Scott Circle,Fort Pierce,FL,34981,69-914-9249,67-102-7115,true,$3.85
107,cbeevors2y,cbeevors2y@jigsy.com,Candy,Beevors,070 Derek Street,Long Beach,CA,90840,90-411-0096,57-115-4573,true,$0.61
108,cbussel2z,cbussel2z@ifeng.com,Clint,Bussel,3092 Kim Plaza,Gaithersburg,MD,20883,28-098-3108,08-756-9810,true,$5.66
109,bsemble30,bsemble30@nytimes.com,Baron,Semble,81909 Rutledge Circle,Charleston,WV,25326,88-845-7875,93-473-7022,false,$3.78
110,ggermain31,ggermain31@pbs.org,Grantley,Germain,64270 Ludington Trail,Louisville,KY,40220,84-436-1222,87-463-6277,true,$4.73
111,mairlie32,mairlie32@umich.edu,Menard,Airlie,99596 Grim Pass,Knoxville,TN,37914,59-901-5848,48-852-3811,false,$2.70
112,bmckinty33,bmckinty33@earthlink.net,Boris,McKinty,14884 Westend Pass,Lafayette,LA,70593,63-678-5326,38-787-1928,true,$4.18
113,jmaiden34,jmaiden34@intel.com,Jed,Maiden,472 Fremont Street,Northridge,CA,91328,44-791-9086,70-929-9590,false,$0.48
114,mboustred35,mboustred35@liveinternet.ru,Melvin,Boustred,5376 Portage Road,Jacksonville,FL,32220,29-333-5690,80-575-0542,true,$3.15
115,mmcjerrow36,mmcjerrow36@hud.gov,Muhammad,McJerrow,018 Eastlawn Place,New York City,NY,10203,95-175-1174,82-702-0183,false,$5.68
116,bworshall37,bworshall37@chicagotribune.com,Brigid,Worshall,55 Bunting Plaza,Birmingham,AL,35290,39-703-9389,31-540-7331,false,$6.15
117,rketteringham38,rketteringham38@nifty.com,Roldan,Ketteringham,2 Crescent Oaks Junction,Salt Lake City,UT,84125,43-767-7694,48-054-8863,true,$0.49
118,nmcnelly39,nmcnelly39@usgs.gov,Nata,McNelly,19 Forest Run Street,Stamford,CT,06912,30-009-4233,00-328-8861,false,$2.10
119,vogeneay3a,vogeneay3a@yandex.ru,Veronike,O'Geneay,93 Warbler Way,Mobile,AL,36616,33-910-7749,88-408-1134,true,$1.36
120,cskelton3b,cskelton3b@addthis.com,Cariotta,Skelton,55 Kensington Junction,Battle Creek,MI,49018,43-578-7472,24-725-3552,true,$9.01
121,idockery3c,idockery3c@earthlink.net,Isobel,Dockery,82 Cherokee Terrace,North Las Vegas,NV,89087,43-361-8360,93-830-4091,false,$9.61
122,ckitson3d,ckitson3d@imdb.com,Chickie,Kitson,2 Golf Road,Reading,PA,19605,63-077-9752,66-668-9176,false,$3.00
123,mmacey3e,mmacey3e@businessweek.com,Murvyn,Macey,74 Village Way,Jamaica,NY,11431,73-238-4119,08-925-6507,false,$6.48
124,dcosten3f,dcosten3f@oaic.gov.au,Desdemona,Costen,568 Texas Circle,Anchorage,AK,99512,73-968-8152,63-316-8795,true,$0.73
125,thenkmann3g,thenkmann3g@printfriendly.com,Teresa,Henkmann,66 Dexter Park,Madison,WI,53785,04-563-0419,11-546-1976,true,$7.06
126,ldinsale3h,ldinsale3h@theguardian.com,Lauraine,Dinsale,1994 Holy Cross Court,Naples,FL,34102,43-809-1524,20-786-4650,false,$4.61
127,mhullins3i,mhullins3i@blogger.com,Mercy,Hullins,2723 Amoth Lane,San Antonio,TX,78210,00-026-5895,90-923-8400,true,$4.39
128,dclawe3j,dclawe3j@wp.com,Demeter,Clawe,753 Butternut Crossing,Washington,DC,20260,59-144-3042,00-080-1255,true,$1.72
129,ngoseling3k,ngoseling3k@dedecms.com,Nye,Goseling,83761 Ilene Hill,Sacramento,CA,95852,52-424-8912,37-001-7410,true,$2.44
130,gslowly3l,gslowly3l@google.com.hk,Godard,Slowly,6276 2nd Junction,Tyler,TX,75705,55-860-1824,43-671-4186,false,$1.84
131,gcliffe3m,gcliffe3m@cyberchimps.com,Garald,Cliffe,5599 Schlimgen Lane,Roanoke,VA,24014,03-875-0135,51-086-3671,true,$3.82
132,kbabinski3n,kbabinski3n@tmall.com,Kale,Babinski,6771 Erie Point,Chicago,IL,60691,68-799-1660,59-781-0295,true,$1.99
133,bbrennen3o,bbrennen3o@liveinternet.ru,Bathsheba,Brennen,942 Granby Alley,Erie,PA,16510,57-714-4037,88-537-3805,true,$2.67
134,lmaccole3p,lmaccole3p@tumblr.com,Luciana,MacCole,78 Ohio Park,Minneapolis,MN,55417,74-040-7625,72-325-7397,true,$8.92
135,cjiroudek3q,cjiroudek3q@skype.com,Claudell,Jiroudek,93154 Springview Trail,Miami,FL,33233,84-642-8087,67-125-3598,false,$2.30
136,cmorilla3r,cmorilla3r@symantec.com,Chariot,Morilla,42 Lighthouse Bay Plaza,Corpus Christi,TX,78475,32-891-7391,56-008-2863,true,$3.35
137,kmounsey3s,kmounsey3s@state.gov,Keir,Mounsey,73548 Cottonwood Parkway,Orange,CA,92867,57-075-8463,19-457-1082,false,$1.32
138,mmurrison3t,mmurrison3t@europa.eu,Marris,Murrison,633 Sachtjen Junction,South Lake Tahoe,CA,96154,26-761-5492,71-331-6139,true,$1.35
139,aneath3u,aneath3u@nsw.gov.au,Almeria,Neath,22518 Dapin Terrace,Dallas,TX,75397,50-626-6486,88-203-6304,true,$2.12
140,eblackburne3v,eblackburne3v@51.la,Erin,Blackburne,2 Golf Course Alley,Kansas City,MO,64114,59-641-1649,07-780-9793,true,$0.94
141,nmccloch3w,nmccloch3w@yandex.ru,Novelia,McCloch,3 Sutherland Terrace,El Paso,TX,88541,27-850-1373,19-683-6139,false,$3.96
142,nskull3x,nskull3x@tripod.com,Nessi,Skull,584 Elka Drive,Tulsa,OK,74193,52-295-5441,64-305-8960,true,$4.82
143,lblenkinship3y,lblenkinship3y@icq.com,Lettie,Blenkinship,07280 Mallard Drive,Hartford,CT,06105,74-461-7001,15-558-8731,true,$9.64
144,ograndham3z,ograndham3z@telegraph.co.uk,Orran,Grandham,49307 Eliot Plaza,Atlanta,GA,30336,74-193-6723,47-333-6340,false,$4.83
145,odeblasi40,odeblasi40@clickbank.net,Ogden,De Blasi,348 Chinook Parkway,Albuquerque,NM,87121,92-824-7251,28-964-2011,true,$6.55
146,zfarnworth41,zfarnworth41@tmall.com,Zandra,Farnworth,82472 Arizona Point,Annapolis,MD,21405,70-654-4002,59-575-3178,false,$8.51
147,sjillins42,sjillins42@scribd.com,Sharron,Jillins,00893 Anthes Court,Baltimore,MD,21275,92-168-6730,43-694-4091,false,$8.49
148,rmaggorini43,rmaggorini43@chicagotribune.com,Roanna,Maggorini,09 Saint Paul Plaza,South Bend,IN,46699,43-808-1104,89-244-4393,true,$1.03
149,nbachshell44,nbachshell44@stumbleupon.com,Nancy,Bachshell,71368 Vera Avenue,Grand Rapids,MI,49510,07-518-1210,43-328-2107,true,$6.39
150,cvanderson45,cvanderson45@i2i.jp,Crystal,Vanderson,6730 Kensington Place,Tampa,FL,33615,19-426-2989,65-533-0570,false,$9.50
151,ggorbell46,ggorbell46@hud.gov,Gilberte,Gorbell,76 Sunnyside Hill,Los Angeles,CA,90015,76-158-5507,05-904-9412,true,$8.32
152,mminthorpe47,mminthorpe47@npr.org,Meier,Minthorpe,73 Artisan Place,Houston,TX,77020,45-044-9892,68-848-0220,true,$3.05
153,jbuttgow48,jbuttgow48@youku.com,Jeffry,Butt Gow,466 Anderson Way,Las Vegas,NV,89155,90-031-2618,09-774-3965,true,$9.16
154,kcommander49,kcommander49@ted.com,Kerstin,Commander,33 Esker Trail,Corona,CA,92878,64-225-8578,01-802-0401,false,$5.86
155,vhonnan4a,vhonnan4a@pbs.org,Valina,Honnan,149 Harper Park,Fresno,CA,93740,61-342-0002,54-534-3629,true,$9.84
156,gradki4b,gradki4b@dropbox.com,Gunilla,Radki,6257 Service Drive,Orlando,FL,32891,28-513-1713,93-650-8698,false,$4.31
157,glutz4c,glutz4c@google.cn,Genvieve,Lutz,5957 Sommers Plaza,Roanoke,VA,24048,58-709-5452,18-377-5709,true,$3.93
158,mnorvell4d,mnorvell4d@sun.com,Michel,Norvell,995 Barby Terrace,Las Vegas,NV,89135,10-373-2642,03-461-5148,true,$3.43
159,awardesworth4e,awardesworth4e@marketwatch.com,Anet,Wardesworth,327 Graceland Trail,Chula Vista,CA,91913,10-298-8723,76-251-3731,false,$4.40
160,bgyer4f,bgyer4f@uiuc.edu,Bella,Gyer,0 Clarendon Point,Hartford,CT,06140,44-816-9082,53-301-6046,false,$6.20
161,tbottomer4g,tbottomer4g@cdc.gov,Thedrick,Bottomer,493 Talmadge Center,Austin,TX,78754,08-730-8147,14-457-5490,false,$0.05
162,adelnevo4h,adelnevo4h@wisc.edu,Annette,Delnevo,7206 Sunnyside Point,Naples,FL,34108,30-195-6584,88-093-9993,false,$3.62
163,bmcmorran4i,bmcmorran4i@barnesandnoble.com,Booth,McMorran,6804 Thompson Lane,Baltimore,MD,21282,92-552-7549,80-720-7524,true,$3.90
164,wbarca4j,wbarca4j@behance.net,Winny,Barca,926 Scott Trail,Augusta,GA,30919,19-351-1190,55-596-4520,true,$6.25
165,jcabbell4k,jcabbell4k@dell.com,Janella,Cabbell,12 Roth Way,Brooklyn,NY,11215,73-378-9829,62-480-1409,true,$0.29
166,cpickrell4l,cpickrell4l@marketwatch.com,Corine,Pickrell,2 Derek Way,Tucson,AZ,85754,13-369-2605,27-098-0309,false,$2.30
167,osingh4m,osingh4m@squidoo.com,Ola,Singh,49 Armistice Road,Waterbury,CT,06721,07-878-0910,54-985-6562,false,$6.94
168,klinnock4n,klinnock4n@tripod.com,Kevyn,Linnock,50 Anthes Center,Miami,FL,33153,15-961-2866,63-958-3363,false,$6.00
169,cmarkey4o,cmarkey4o@earthlink.net,Costa,Markey,41645 Mandrake Park,Columbia,SC,29225,40-945-4692,62-014-8842,true,$6.62
170,mtomsa4p,mtomsa4p@epa.gov,Maggie,Tomsa,693 Badeau Hill,Saint Petersburg,FL,33705,81-441-9505,27-409-7244,false,$0.01
171,vgladden4q,vgladden4q@desdev.cn,Vivyanne,Gladden,7 Vernon Plaza,Brooksville,FL,34605,43-307-3819,93-447-5056,true,$3.24
172,bnisbet4r,bnisbet4r@ebay.co.uk,Bryon,Nisbet,83 Hoard Park,Boston,MA,02208,06-088-5436,53-191-6060,true,$6.28
173,mwrankling4s,mwrankling4s@live.com,Marcellus,Wrankling,45708 Ilene Plaza,Daytona Beach,FL,32118,03-738-9814,51-698-1554,false,$0.94
174,ygreiser4t,ygreiser4t@photobucket.com,Yetty,Greiser,178 Rigney Place,White Plains,NY,10633,58-538-1451,64-632-8268,true,$4.80
175,bbrookbank4u,bbrookbank4u@canalblog.com,Bertie,Brookbank,05447 Bartelt Parkway,Pasadena,CA,91109,71-683-2761,32-691-1888,false,$3.65
176,jdalrymple4v,jdalrymple4v@hhs.gov,Josey,Dalrymple,7 Merchant Circle,Charleston,WV,25336,91-968-9369,88-731-7531,true,$7.06
177,gbullar4w,gbullar4w@taobao.com,Ginnifer,Bullar,8 Laurel Court,Dallas,TX,75379,40-498-0643,21-483-0934,true,$9.18
178,hstillgoe4x,hstillgoe4x@mediafire.com,Hendrik,Stillgoe,56601 Hintze Park,Salt Lake City,UT,84170,28-183-4974,73-121-4270,false,$2.65
179,ltomlett4y,ltomlett4y@oaic.gov.au,Luciano,Tomlett,54137 Loeprich Junction,Grand Rapids,MI,49505,90-951-4686,98-775-8324,true,$6.28
180,nserrier4z,nserrier4z@epa.gov,Nobie,Serrier,904 Swallow Terrace,Van Nuys,CA,91499,04-396-7872,83-385-6069,true,$1.83
181,mcaesmans50,mcaesmans50@jimdo.com,Margaretha,Caesmans,9310 Lindbergh Place,Charlotte,NC,28299,94-641-8483,05-623-2002,true,$2.19
182,jtully51,jtully51@abc.net.au,Joellen,Tully,45130 Logan Way,Long Beach,CA,90840,12-092-7278,38-090-7210,false,$3.66
183,ipetruk52,ipetruk52@house.gov,Irma,Petruk,4368 Aberg Way,Vero Beach,FL,32964,54-659-7454,90-576-9449,false,$3.27
184,milyukhov53,milyukhov53@opensource.org,Morris,Ilyukhov,01003 Farwell Alley,Lubbock,TX,79415,37-360-0264,44-340-5041,true,$7.41
185,gmccoish54,gmccoish54@nytimes.com,Greggory,McCoish,99550 Northridge Park,Youngstown,OH,44505,87-186-3941,36-752-1929,false,$6.75
186,hattril55,hattril55@weibo.com,Heddi,Attril,25 Forster Park,Sacramento,CA,95894,46-347-0706,20-890-8721,true,$9.51
187,ldisdel56,ldisdel56@google.com.br,Lizette,Disdel,6 American Ash Circle,Trenton,NJ,08608,88-132-7315,10-681-6906,false,$9.02
188,sdeavall57,sdeavall57@macromedia.com,Shannan,Deavall,44104 Milwaukee Avenue,Idaho Falls,ID,83405,71-253-2239,79-604-8609,true,$8.62
189,bwhetland58,bwhetland58@mac.com,Brent,Whetland,83 Forest Run Junction,New Haven,CT,06520,86-268-1500,99-026-2943,true,$1.04
190,dbiscomb59,dbiscomb59@prlog.org,Decca,Biscomb,3279 Kipling Court,Fresno,CA,93794,87-073-4136,40-943-6999,true,$9.99
191,cvicker5a,cvicker5a@un.org,Cindee,Vicker,3207 Village Hill,South Bend,IN,46634,83-731-3030,18-162-4805,false,$7.97
192,coclovan5b,coclovan5b@cdbaby.com,Corinna,O' Clovan,938 5th Drive,Crawfordsville,IN,47937,47-476-7380,42-538-5265,false,$3.18
193,bzimmermeister5c,bzimmermeister5c@dailymail.co.uk,Bordy,Zimmermeister,166 5th Avenue,London,KY,40745,21-198-0563,89-783-9139,false,$7.43
194,cpiggin5d,cpiggin5d@cdc.gov,Colman,Piggin,8 Starling Court,Greenville,SC,29610,25-633-5568,58-049-3182,true,$0.43
195,gstrand5e,gstrand5e@istockphoto.com,Gabbie,Strand,52 Crescent Oaks Point,Topeka,KS,66667,71-506-7339,69-491-3106,false,$8.63
196,jglassman5f,jglassman5f@moonfruit.com,Jonathan,Glassman,0 Stoughton Hill,Indianapolis,IN,46207,52-244-6273,45-213-5214,false,$5.76
197,fwhatson5g,fwhatson5g@nsw.gov.au,Florella,Whatson,05 Hintze Center,Huntington,WV,25716,03-888-2015,24-000-7192,true,$2.90
198,ugoding5h,ugoding5h@about.me,Ulrike,Goding,101 Daystar Road,Modesto,CA,95397,87-350-2319,90-118-8885,false,$4.45
199,tsplevins5i,tsplevins5i@imageshack.us,Tonia,Splevins,060 Homewood Park,Jackson,TN,38308,42-544-6619,30-377-7075,true,$9.56
200,jchampkins5j,jchampkins5j@cafepress.com,Jessalin,Champkins,9457 Birchwood Trail,New York City,NY,10280,68-958-3121,37-983-7950,false,$7.86
201,nduffin5k,nduffin5k@disqus.com,Nikos,Duffin,99314 Manitowish Way,Sacramento,CA,94245,70-278-7983,49-093-0615,true,$4.90
202,nbazeley5l,nbazeley5l@harvard.edu,Nata,Bazeley,6 Butterfield Junction,Kansas City,MO,64199,47-870-0664,48-131-4891,true,$6.36
203,gspringate5m,gspringate5m@dell.com,Galina,Springate,5 South Road,Reno,NV,89505,80-971-5271,40-363-2982,false,$1.25
204,sdowzell5n,sdowzell5n@bloglovin.com,Stefanie,Dowzell,855 Iowa Center,Mesa,AZ,85205,05-518-0923,38-252-5701,false,$2.03
205,hlaroze5o,hlaroze5o@sitemeter.com,Halsey,Laroze,007 Memorial Place,Metairie,LA,70005,14-955-4234,11-742-5575,true,$4.88
206,waland5p,waland5p@cmu.edu,Wynny,Aland,8927 Marquette Court,Chicago,IL,60657,28-215-0331,56-636-6459,false,$9.01
207,krushbrooke5q,krushbrooke5q@timesonline.co.uk,Karlan,Rushbrooke,374 Barnett Circle,Roanoke,VA,24014,06-322-4311,75-755-6450,true,$0.81
208,htitcomb5r,htitcomb5r@ft.com,Hollis,Titcomb,59160 Forest Dale Place,Madison,WI,53726,44-866-9734,55-301-6529,false,$9.87
209,nlefleming5s,nlefleming5s@linkedin.com,Nickola,Le Fleming,9 Badeau Road,Kansas City,MO,64193,96-629-4156,11-439-2361,true,$0.99
210,glavallie5t,glavallie5t@bizjournals.com,Gayel,Lavallie,49 Jay Drive,Springfield,IL,62764,15-102-2572,37-831-0907,false,$7.98
211,lmussettini5u,lmussettini5u@goo.gl,Lorant,Mussettini,322 Lake View Center,Chicago,IL,60636,27-581-8386,53-534-1393,true,$8.34
212,hnormandale5v,hnormandale5v@nbcnews.com,Hephzibah,Normandale,7164 Amoth Street,Fort Smith,AR,72916,93-430-8197,65-233-3662,false,$8.46
213,snern5w,snern5w@diigo.com,Siusan,Nern,6224 Independence Trail,Fort Myers,FL,33994,81-847-2499,46-474-0606,false,$7.36
214,semes5x,semes5x@admin.ch,Sharl,Emes,56684 Bartillon Pass,New York City,NY,10115,04-485-2441,20-150-3594,false,$7.24
215,rmacieiczyk5y,rmacieiczyk5y@dmoz.org,Rancell,Macieiczyk,3 Fremont Junction,Norwalk,CT,06859,91-935-9274,23-666-7862,false,$1.68
216,tdenzilow5z,tdenzilow5z@sogou.com,Tasha,Denzilow,031 Service Park,Erie,PA,16505,67-636-6223,20-628-3184,true,$2.10
217,cwarrillow60,cwarrillow60@jugem.jp,Chris,Warrillow,99666 Garrison Alley,Tulsa,OK,74156,60-179-2227,87-022-3966,false,$2.60
218,skoubek61,skoubek61@example.com,Shel,Koubek,7 Burrows Hill,Schenectady,NY,12305,75-058-6747,01-730-9296,false,$4.53
219,bfilippozzi62,bfilippozzi62@kickstarter.com,Bernardina,Filippozzi,65 Northridge Point,Ocala,FL,34479,33-387-3635,04-468-1175,false,$4.08
220,ldebullion63,ldebullion63@huffingtonpost.com,Lara,de Bullion,1 Oxford Road,Duluth,GA,30096,09-326-9772,86-202-9395,true,$0.39
221,mavann64,mavann64@123-reg.co.uk,Maegan,Avann,83270 South Crossing,Anaheim,CA,92812,37-018-3678,83-682-9294,false,$1.75
222,lclendennen65,lclendennen65@accuweather.com,Lilli,Clendennen,98785 Express Alley,Lexington,KY,40596,32-052-5012,62-078-8951,true,$7.20
223,tcoopland66,tcoopland66@mayoclinic.com,Tillie,Coopland,6 Forest Way,Washington,DC,20557,04-550-0885,20-904-5567,true,$1.51
224,dtague67,dtague67@sitemeter.com,Deidre,Tague,3 North Drive,Cleveland,OH,44125,90-188-4722,01-065-2414,false,$8.49
225,rbowstead68,rbowstead68@cam.ac.uk,Rosemonde,Bowstead,37661 Graceland Point,Aurora,CO,80015,36-099-4907,29-349-0764,true,$8.74
226,cfewster69,cfewster69@tumblr.com,Cheri,Fewster,2247 Stone Corner Alley,Shawnee Mission,KS,66205,99-046-3168,15-435-4850,true,$9.86
227,khatchman6a,khatchman6a@nbcnews.com,Koressa,Hatchman,449 Killdeer Circle,Longview,TX,75605,00-108-9327,65-679-2241,false,$9.20
228,hcattermull6b,hcattermull6b@flavors.me,Hattie,Cattermull,769 Del Mar Crossing,Long Beach,CA,90847,59-513-3405,87-276-7751,true,$7.87
229,rgentle6c,rgentle6c@wired.com,Reagen,Gentle,99 American Terrace,Arlington,VA,22244,19-619-0658,14-289-7480,true,$5.52
230,cgregan6d,cgregan6d@ask.com,Caril,Gregan,25 Hayes Alley,Norwalk,CT,06854,58-074-9980,91-661-7080,true,$0.40
231,mmatyugin6e,mmatyugin6e@google.fr,Myrtia,Matyugin,6 Hagan Avenue,Richmond,VA,23277,42-363-8968,04-736-7990,true,$8.88
232,kpordal6f,kpordal6f@earthlink.net,Kippie,Pordal,31716 Lakewood Park,Fresno,CA,93794,92-653-3320,65-795-9772,false,$4.04
233,nbunting6g,nbunting6g@cnn.com,Nicoline,Bunting,07 Main Avenue,Tucson,AZ,85710,77-488-7248,57-254-0234,true,$1.00
234,gzupone6h,gzupone6h@edublogs.org,Gerianne,Zupone,145 Waubesa Parkway,Austin,TX,78721,78-536-5617,02-172-7426,true,$6.49
235,xhandscomb6i,xhandscomb6i@shutterfly.com,Xaviera,Handscomb,8610 Artisan Way,El Paso,TX,79916,28-171-7241,36-783-0320,false,$3.91
236,tblackaller6j,tblackaller6j@squidoo.com,Thomas,Blackaller,637 Bluestem Court,Atlanta,GA,30306,10-325-3871,12-774-8630,false,$0.01
237,mlimpenny6k,mlimpenny6k@dmoz.org,Moll,Limpenny,58 Morning Way,Huntington,WV,25775,99-649-0335,13-855-5967,false,$5.13
238,dsouthan6l,dsouthan6l@alibaba.com,Dominique,Southan,47 Lukken Center,El Paso,TX,79968,76-880-0493,44-625-7823,false,$1.75
239,senglefield6m,senglefield6m@de.vu,Selina,Englefield,5 North Road,Tulsa,OK,74149,27-273-1386,31-365-3479,true,$7.19
240,kverick6n,kverick6n@t-online.de,Kinsley,Verick,7 Milwaukee Drive,Newark,DE,19725,12-446-3507,80-786-2161,true,$5.57
241,mdroghan6o,mdroghan6o@cdbaby.com,Merrie,Droghan,0 Judy Hill,El Paso,TX,79994,87-906-0088,86-709-1961,true,$5.67
242,lgolsby6p,lgolsby6p@prnewswire.com,Lyssa,Golsby,815 Farragut Park,Atlanta,GA,31165,75-069-7591,96-134-0831,true,$7.65
243,nsheepy6q,nsheepy6q@smh.com.au,Nerissa,Sheepy,14 Dixon Hill,Santa Ana,CA,92725,98-996-5142,61-181-7269,false,$7.44
244,jsharpless6r,jsharpless6r@msu.edu,Jerad,Sharpless,471 Paget Plaza,Montgomery,AL,36134,27-755-2107,96-618-2407,true,$6.91
245,dmckirdy6s,dmckirdy6s@alibaba.com,Denice,McKirdy,7 Judy Avenue,Albuquerque,NM,87195,81-604-9845,89-995-8880,true,$3.93
246,lcoke6t,lcoke6t@msu.edu,Leonid,Coke,68 Dexter Parkway,Stamford,CT,06905,53-624-9674,43-918-5265,false,$0.80
247,asaltmarsh6u,asaltmarsh6u@blinklist.com,Andriana,Saltmarsh,8 Kinsman Point,Detroit,MI,48242,94-798-1742,40-548-4587,true,$7.05
248,jkempster6v,jkempster6v@bing.com,Justin,Kempster,3 Nancy Junction,Reading,PA,19610,80-085-9541,31-470-0939,false,$6.29
249,zreppaport6w,zreppaport6w@independent.co.uk,Zebulen,Reppaport,53146 Tomscot Drive,Little Rock,AR,72204,80-239-2076,21-002-8229,false,$3.40
250,gwinborn6x,gwinborn6x@go.com,Gabriella,Winborn,1824 Schiller Pass,Pompano Beach,FL,33069,66-466-8968,34-926-9272,false,$6.71
251,plarsen6y,plarsen6y@ihg.com,Pail,Larsen,29 Hermina Parkway,New York City,NY,10131,87-413-1153,09-434-9420,true,$0.90
252,spickhaver6z,spickhaver6z@utexas.edu,Shelley,Pickhaver,54063 Roth Plaza,Richmond,VA,23225,11-892-6342,71-093-9783,true,$0.52
253,dwoolen70,dwoolen70@bloglovin.com,Desiree,Woolen,3986 Mayer Crossing,Salt Lake City,UT,84145,05-033-4488,50-396-3242,true,$2.87
254,egehringer71,egehringer71@tinyurl.com,Eudora,Gehringer,4 Del Sol Crossing,Honolulu,HI,96840,22-120-0114,71-117-9312,false,$6.98
255,cvigrass72,cvigrass72@bandcamp.com,Celestia,Vigrass,13276 Clyde Gallagher Trail,Charlotte,NC,28284,46-579-3057,68-182-7694,true,$2.24
256,apeggram73,apeggram73@blinklist.com,Abra,Peggram,0 Continental Hill,Provo,UT,84605,59-479-2194,15-975-1164,false,$8.09
257,abarta74,abarta74@nhs.uk,Amanda,Barta,6 Orin Point,Long Beach,CA,90805,37-589-4868,64-872-2554,false,$3.99
258,wqueree75,wqueree75@networkadvertising.org,Willard,Queree,8 Mallard Park,Aiken,SC,29805,03-923-0723,98-188-0077,false,$4.04
259,ibeckwith76,ibeckwith76@furl.net,Ian,Beckwith,79078 Petterle Place,Pasadena,CA,91186,90-400-0922,24-791-2613,false,$3.33
260,scoghill77,scoghill77@themeforest.net,Suzy,Coghill,9813 Kim Hill,El Paso,TX,88535,35-186-6454,09-615-2199,true,$3.03
261,educkinfield78,educkinfield78@china.com.cn,Ellynn,Duckinfield,13367 Londonderry Place,Sacramento,CA,95894,37-084-8837,35-773-2497,false,$2.17
262,mdeddum79,mdeddum79@amazonaws.com,Meade,Deddum,6 Westend Crossing,Tulsa,OK,74156,41-266-5847,77-928-0658,false,$6.00
263,egrigoroni7a,egrigoroni7a@va.gov,Ermanno,Grigoroni,85 Sachs Plaza,Louisville,KY,40298,75-733-2274,99-695-5298,false,$2.96
264,hclerk7b,hclerk7b@cnet.com,Hoyt,Clerk,552 Gerald Terrace,Seattle,WA,98175,58-428-9378,40-137-0645,false,$3.96
265,lleatt7c,lleatt7c@jugem.jp,Lyssa,Leatt,57793 Saint Paul Circle,San Diego,CA,92137,23-433-6975,79-689-9321,true,$8.90
266,cjemmison7d,cjemmison7d@bloglovin.com,Carmelina,Jemmison,3 Marcy Place,Atlanta,GA,30356,77-262-3110,20-257-5602,true,$7.68
267,bswiers7e,bswiers7e@baidu.com,Bee,Swiers,0770 Stang Trail,Fresno,CA,93709,47-723-9959,97-208-9818,true,$9.96
268,ethreadgold7f,ethreadgold7f@xing.com,Eartha,Threadgold,8 Kim Plaza,Laurel,MD,20709,19-470-0650,55-564-4674,true,$3.35
269,bfiggins7g,bfiggins7g@smugmug.com,Bearnard,Figgins,0875 Toban Hill,Rochester,MN,55905,64-752-3251,65-548-6114,true,$0.75
270,gstarkings7h,gstarkings7h@alexa.com,Gaye,Starkings,51580 Forest Court,Fort Worth,TX,76110,01-738-9064,81-187-5625,false,$5.04
271,gsommerly7i,gsommerly7i@symantec.com,Gerry,Sommerly,9812 Old Gate Terrace,Cheyenne,WY,82007,73-061-1708,82-021-9515,true,$3.10
272,vmccaughen7j,vmccaughen7j@acquirethisname.com,Vaughn,McCaughen,3 Mayer Circle,Green Bay,WI,54305,17-682-8009,30-605-1810,false,$3.63
273,bbuer7k,bbuer7k@tmall.com,Bettina,Buer,4570 Chinook Lane,Ogden,UT,84409,75-452-5187,39-279-3547,false,$0.12
274,wbloxam7l,wbloxam7l@soup.io,Walt,Bloxam,10 Rutledge Road,Washington,DC,20299,63-405-5831,22-652-1568,true,$7.29
275,dandrini7m,dandrini7m@msu.edu,Dwayne,Andrini,0 Larry Trail,Jacksonville,FL,32259,65-699-7734,06-584-6866,false,$1.70
276,cfollis7n,cfollis7n@npr.org,Cordie,Follis,7758 Carpenter Alley,Charlotte,NC,28235,98-830-7443,54-367-2284,false,$7.08
277,jcalvie7o,jcalvie7o@joomla.org,Julienne,Calvie,02 Sycamore Drive,Albuquerque,NM,87140,20-241-8643,31-723-6616,true,$3.33
278,ealstead7p,ealstead7p@mac.com,Edith,Alstead,05063 2nd Pass,Colorado Springs,CO,80940,59-562-6692,17-965-5865,false,$5.95
279,aberka7q,aberka7q@va.gov,Ariel,Berka,4314 Chinook Court,Montgomery,AL,36104,79-478-5062,67-348-5652,true,$9.57
280,tmcqueen7r,tmcqueen7r@sitemeter.com,Trevar,Mc Queen,60 Drewry Place,Gainesville,GA,30506,68-709-5715,67-507-4039,true,$2.13
281,hkolin7s,hkolin7s@forbes.com,Hazel,Kolin,27415 Grayhawk Avenue,Washington,DC,20380,73-290-6393,70-790-8221,true,$0.76
282,marmistead7t,marmistead7t@cdc.gov,Maddy,Armistead,16136 Tony Avenue,North Little Rock,AR,72199,60-228-0928,43-180-2286,true,$3.38
283,cveltman7u,cveltman7u@seesaa.net,Cheston,Veltman,2 Nevada Lane,Rochester,MN,55905,23-404-4130,61-745-9914,false,$2.09
284,shouston7v,shouston7v@nhs.uk,Stacee,Houston,44787 Mosinee Pass,Tallahassee,FL,32309,29-830-1300,54-194-3893,true,$4.67
285,ldelatremoille7w,ldelatremoille7w@dyndns.org,Laurella,de la Tremoille,1 Heath Way,Indianapolis,IN,46231,34-745-3317,83-042-8294,false,$7.57
286,dapple7x,dapple7x@nih.gov,Daven,Apple,7 Nevada Court,North Port,FL,34290,66-782-6093,51-808-8389,false,$9.84
287,ccarberry7y,ccarberry7y@mayoclinic.com,Carin,Carberry,39203 Fieldstone Hill,North Hollywood,CA,91616,26-749-9226,86-322-3105,false,$4.10
288,mshergill7z,mshergill7z@sina.com.cn,Manya,Shergill,79 Dakota Circle,Dallas,TX,75241,43-407-2303,80-425-7912,true,$1.00
289,bhaydney80,bhaydney80@live.com,Baird,Haydney,74021 Jay Court,Tampa,FL,33647,92-540-8801,32-875-9233,true,$9.64
290,bdevall81,bdevall81@yelp.com,Burnard,Devall,75 Hanson Alley,Waco,TX,76705,61-141-3510,52-950-4017,false,$6.20
291,killsley82,killsley82@simplemachines.org,Krishna,Illsley,771 Judy Circle,Lexington,KY,40524,72-837-9595,93-856-4959,false,$4.61
292,tlottrington83,tlottrington83@amazonaws.com,Theo,Lottrington,8 Nelson Park,Washington,DC,20073,52-319-2068,21-322-6984,false,$5.78
293,lawdry84,lawdry84@state.gov,Latashia,Awdry,5999 Sachs Crossing,Irvine,CA,92612,32-273-5713,75-635-8189,true,$0.50
294,bmelbert85,bmelbert85@discuz.net,Barbi,Melbert,49263 Bunker Hill Plaza,Englewood,CO,80150,26-737-3651,30-499-9113,false,$0.04
295,acorradino86,acorradino86@webmd.com,Alleen,Corradino,506 Eastwood Pass,Charlottesville,VA,22903,91-744-4059,23-896-3262,false,$5.02
296,bmacanespie87,bmacanespie87@w3.org,Blake,MacAnespie,4 Charing Cross Alley,Indianapolis,IN,46239,95-239-9824,20-171-5093,false,$3.40
297,bolufsen88,bolufsen88@dedecms.com,Berkie,Olufsen,8 Haas Street,Salt Lake City,UT,84145,29-349-9925,62-827-3972,false,$0.25
298,tkarby89,tkarby89@ifeng.com,Tann,Karby,347 Nancy Pass,Miami,FL,33111,88-597-3367,24-832-1896,false,$3.77
299,igavahan8a,igavahan8a@tinyurl.com,Ilene,Gavahan,3 Dapin Hill,Charlotte,NC,28242,67-162-3500,07-054-0766,true,$6.51
300,ssmout8b,ssmout8b@ox.ac.uk,Serena,Smout,5 Troy Street,Seattle,WA,98185,60-075-0660,88-549-5647,false,$9.45
301,cdegowe8c,cdegowe8c@youtube.com,Clim,De Gowe,717 Scoville Way,Crawfordsville,IN,47937,57-861-2432,23-687-7541,false,$9.01
302,jdon8d,jdon8d@java.com,Jacquenette,Don,60750 Brown Street,San Francisco,CA,94164,22-928-2862,99-949-3549,true,$0.57
303,ghylden8e,ghylden8e@discuz.net,Germaine,Hylden,14 Debs Center,Suffolk,VA,23436,19-896-9401,81-171-8584,true,$1.49
304,dmckeand8f,dmckeand8f@japanpost.jp,Darleen,McKeand,70 Hauk Plaza,Dallas,TX,75210,15-785-6711,43-580-6895,false,$2.61
305,spulteneye8g,spulteneye8g@microsoft.com,Savina,Pulteneye,226 5th Drive,Littleton,CO,80126,52-278-6186,04-635-6272,false,$7.74
306,gsmethurst8h,gsmethurst8h@army.mil,Georgetta,Smethurst,86115 Monterey Center,Battle Creek,MI,49018,63-485-7534,18-240-9749,true,$8.62
307,smcfall8i,smcfall8i@ow.ly,Sayres,McFall,8238 Northridge Junction,Charlotte,NC,28299,94-317-1750,85-877-9009,false,$9.87
308,dshear8j,dshear8j@blog.com,Dianna,Shear,72720 Monterey Place,Richmond,VA,23260,01-916-4636,16-251-5651,false,$2.00
309,dlangfat8k,dlangfat8k@sina.com.cn,Danna,Langfat,5325 Nevada Terrace,Virginia Beach,VA,23459,02-180-4715,79-637-2935,true,$4.77
310,eleigh8l,eleigh8l@imageshack.us,Ellis,Leigh,368 Northridge Trail,Vienna,VA,22184,85-648-3642,69-864-4842,false,$0.22
311,fparram8m,fparram8m@netlog.com,Fonzie,Parram,39 Carey Park,Atlanta,GA,30336,73-318-9999,05-249-2757,false,$9.32
312,gmaccrosson8n,gmaccrosson8n@samsung.com,Gwen,MacCrosson,9627 Delladonna Point,San Diego,CA,92110,65-995-3700,34-758-3650,false,$8.44
313,eolder8o,eolder8o@google.cn,Ethyl,Older,7 Vera Park,Honolulu,HI,96805,39-278-6185,85-630-7072,true,$9.09
314,bwalcher8p,bwalcher8p@slashdot.org,Boot,Walcher,6676 Mosinee Plaza,Boise,ID,83722,01-867-7001,92-124-6593,false,$5.75
315,adrinkel8q,adrinkel8q@acquirethisname.com,Ambrosi,Drinkel,7 Hanson Point,Port Charlotte,FL,33954,63-505-1957,09-570-5630,true,$4.90
316,clandsberg8r,clandsberg8r@howstuffworks.com,Cobbie,Landsberg,7 Logan Parkway,Toledo,OH,43666,80-124-3411,05-445-7921,true,$7.10
317,srobertsson8s,srobertsson8s@odnoklassniki.ru,Simona,Robertsson,46 Michigan Court,Louisville,KY,40298,47-304-7781,99-165-7681,false,$0.46
318,pchadwin8t,pchadwin8t@dagondesign.com,Parke,Chadwin,6567 Coolidge Center,Tampa,FL,33610,40-123-3450,56-521-2590,false,$5.85
319,rmaccartney8u,rmaccartney8u@timesonline.co.uk,Rriocard,MacCartney,18092 Katie Lane,Chico,CA,95973,10-534-5470,58-157-3189,true,$0.23
320,fbyles8v,fbyles8v@tumblr.com,Fredi,Byles,8 Reindahl Road,Cincinnati,OH,45218,36-900-8546,72-755-0635,true,$1.31
321,gdelicate8w,gdelicate8w@webnode.com,Gerry,Delicate,7 Brown Way,Colorado Springs,CO,80940,35-770-9053,85-323-4698,false,$9.22
322,bcrawcour8x,bcrawcour8x@comsenz.com,Borden,Crawcour,35 Autumn Leaf Street,Kansas City,MO,64142,84-689-6248,29-375-1910,true,$4.75
323,einchley8y,einchley8y@vistaprint.com,Evita,Inchley,1 Macpherson Alley,Colorado Springs,CO,80915,74-948-5696,58-424-0746,false,$8.99
324,slemarchand8z,slemarchand8z@zdnet.com,Shaine,Le Marchand,633 Farwell Center,Washington,DC,20540,35-037-1094,14-101-6832,false,$7.48
325,taleksankov90,taleksankov90@chron.com,Temple,Aleksankov,24146 Summerview Point,Atlanta,GA,30375,09-787-0950,79-566-3753,false,$2.02
326,lburberry91,lburberry91@yelp.com,Lawry,Burberry,436 Anhalt Court,New Orleans,LA,70154,69-615-4515,79-991-8789,true,$3.86
327,pmacbeth92,pmacbeth92@google.ca,Petey,Macbeth,61428 Springview Lane,Battle Creek,MI,49018,63-302-6896,37-253-5514,true,$9.42
328,jsnap93,jsnap93@fotki.com,Janette,Snap,41 Dixon Street,Aurora,CO,80044,60-099-1421,21-084-0458,true,$5.17
329,bodoran94,bodoran94@globo.com,Bonny,O'Doran,4 Meadow Vale Terrace,Little Rock,AR,72209,09-326-7450,78-646-5370,false,$1.66
330,srodinger95,srodinger95@ehow.com,Shayna,Rodinger,10 Anderson Alley,North Little Rock,AR,72118,27-900-8679,43-529-3476,false,$5.69
331,raskam96,raskam96@psu.edu,Rosita,Askam,82856 Memorial Point,Springfield,IL,62705,77-266-6703,35-714-2860,false,$2.75
332,agynni97,agynni97@dropbox.com,Ardine,Gynni,36 Quincy Point,Saint Joseph,MO,64504,85-598-9007,88-051-6211,false,$8.72
333,adantuoni98,adantuoni98@mashable.com,Anthea,D'Antuoni,7 Farmco Alley,Miami,FL,33261,11-678-4510,31-234-7830,true,$1.53
334,dservice99,dservice99@photobucket.com,Durward,Service,84 Artisan Avenue,Montgomery,AL,36195,81-827-6989,83-379-8357,false,$3.63
335,clindgren9a,clindgren9a@weather.com,Carter,Lindgren,517 Ruskin Point,Greensboro,NC,27425,65-650-4113,71-349-7696,true,$4.53
336,wjerams9b,wjerams9b@over-blog.com,Walker,Jerams,43009 Pearson Parkway,El Paso,TX,79989,46-346-4451,54-571-7481,true,$1.74
337,bbriscoe9c,bbriscoe9c@nhs.uk,Brandy,Briscoe,356 Quincy Park,Youngstown,OH,44555,04-552-0724,14-366-2660,true,$2.64
338,kmillbank9d,kmillbank9d@diigo.com,Kalli,Millbank,4852 Swallow Pass,Virginia Beach,VA,23471,96-024-2767,62-605-7309,false,$2.12
339,dspratley9e,dspratley9e@answers.com,Davida,Spratley,9 Schurz Park,Round Rock,TX,78682,21-210-2902,79-565-1950,true,$2.55
340,mwalkley9f,mwalkley9f@blogtalkradio.com,Madelena,Walkley,97 Evergreen Alley,Sacramento,CA,94207,26-363-2162,11-033-0214,false,$2.78
341,dkobera9g,dkobera9g@usatoday.com,Dannel,Kobera,51 Buell Place,Columbus,OH,43215,67-099-0708,47-492-2069,true,$1.59
342,hstockell9h,hstockell9h@ucla.edu,Huntley,Stockell,15 Almo Junction,Atlanta,GA,30351,36-748-3850,60-236-7547,true,$2.85
343,jsaing9i,jsaing9i@goo.ne.jp,Johny,Saing,08 Havey Terrace,Arlington,TX,76004,05-197-7851,30-733-7150,true,$3.35
344,cwithur9j,cwithur9j@lulu.com,Cody,Withur,23009 Anzinger Court,Reston,VA,22096,88-688-3200,49-770-5718,true,$3.03
345,mtremeer9k,mtremeer9k@1688.com,Miner,Tremeer,53 Burning Wood Alley,Muskegon,MI,49444,03-097-3440,33-713-2092,true,$4.28
346,lsimonard9l,lsimonard9l@nasa.gov,Leland,Simonard,3 Tomscot Alley,Indianapolis,IN,46239,60-727-6254,33-978-7944,false,$4.55
347,rguillou9m,rguillou9m@newsvine.com,Rosetta,Guillou,6816 Ruskin Parkway,San Diego,CA,92160,68-277-3956,23-153-4294,true,$9.19
348,wchazier9n,wchazier9n@mail.ru,Wynnie,Chazier,38 Westend Terrace,Jamaica,NY,11436,18-752-4766,95-845-6833,false,$7.62
349,lbonnyson9o,lbonnyson9o@miitbeian.gov.cn,Lorelei,Bonnyson,96 Dexter Street,White Plains,NY,10606,72-520-4676,61-210-9115,false,$1.61
350,obaudasso9p,obaudasso9p@naver.com,Olympia,Baudasso,0 Vernon Avenue,Memphis,TN,38143,42-391-2132,24-425-4191,true,$6.25
351,aproffitt9q,aproffitt9q@behance.net,Ashley,Proffitt,40 Nevada Park,Hattiesburg,MS,39404,06-311-7810,08-090-2486,false,$5.54
352,jdudley9r,jdudley9r@ustream.tv,Joli,Dudley,61 Barnett Trail,South Bend,IN,46620,35-561-3367,97-982-4955,true,$6.96
353,ndegogay9s,ndegogay9s@infoseek.co.jp,Nicolle,De Gogay,63 Briar Crest Avenue,San Rafael,CA,94913,30-807-6466,94-218-2317,true,$7.32
354,gwalsham9t,gwalsham9t@stumbleupon.com,Gasper,Walsham,01174 8th Center,Sioux City,IA,51110,81-337-0057,35-058-3893,true,$9.40
355,hstather9u,hstather9u@php.net,Heddi,Stather,29 Almo Lane,Visalia,CA,93291,83-732-1985,99-780-1891,false,$2.68
356,aostick9v,aostick9v@china.com.cn,Aylmar,Ostick,49571 3rd Drive,Norman,OK,73071,03-057-5000,95-849-5436,true,$8.40
357,blannen9w,blannen9w@ft.com,Berty,Lannen,20398 Continental Terrace,Cleveland,OH,44118,79-557-0283,15-846-8623,false,$1.90
358,dbrafferton9x,dbrafferton9x@nasa.gov,Dud,Brafferton,79 Sutteridge Street,Saint Paul,MN,55146,27-061-0583,28-487-0298,false,$1.45
359,qdulson9y,qdulson9y@tripod.com,Quentin,Dulson,017 Mandrake Junction,London,KY,40745,02-700-2271,48-639-6132,true,$0.59
360,smebs9z,smebs9z@surveymonkey.com,Sergei,Mebs,57 La Follette Lane,Meridian,MS,39305,82-107-8379,13-578-0456,false,$3.79
361,cbedissa0,cbedissa0@cbsnews.com,Cordie,Bediss,66322 Sheridan Park,Fresno,CA,93726,10-018-1041,88-902-7410,true,$8.05
362,nclista1,nclista1@hibu.com,Nollie,Clist,31 Ridgeview Point,Santa Barbara,CA,93106,81-307-1205,70-779-4922,true,$4.06
363,awilmotta2,awilmotta2@theglobeandmail.com,Ann-marie,Wilmott,766 1st Place,Torrance,CA,90510,13-788-1157,83-286-5234,true,$5.45
364,ckiraa3,ckiraa3@soundcloud.com,Carmine,Kira,43472 Straubel Plaza,Boston,MA,02298,61-128-0270,08-671-8040,false,$2.17
365,gredhillsa4,gredhillsa4@cam.ac.uk,Goldy,Redhills,50 International Way,Chesapeake,VA,23324,73-439-6383,32-653-0220,true,$8.55
366,pgerardeauxa5,pgerardeauxa5@youku.com,Port,Gerardeaux,867 Warbler Trail,Amarillo,TX,79105,26-121-5197,01-605-3172,true,$2.88
367,lbellamya6,lbellamya6@virginia.edu,Lilia,Bellamy,78 Logan Plaza,Fresno,CA,93726,13-114-6399,28-386-3255,false,$8.55
368,enaiseya7,enaiseya7@mail.ru,Esdras,Naisey,32917 Elka Junction,Springfield,IL,62756,33-908-7812,20-294-6276,true,$5.90
369,focurneena8,focurneena8@shareasale.com,Fernande,O'Curneen,7835 Springview Way,Saint Paul,MN,55172,69-724-3272,44-922-9188,false,$0.79
370,bbardwella9,bbardwella9@drupal.org,Bessie,Bardwell,56 3rd Place,San Luis Obispo,CA,93407,59-278-9799,89-997-5001,false,$1.80
371,trhydderchaa,trhydderchaa@walmart.com,Trixie,Rhydderch,491 Fisk Terrace,San Diego,CA,92115,07-410-8499,96-493-8706,true,$9.53
372,ugebbab,ugebbab@cbsnews.com,Ulrick,Gebb,4 Columbus Road,Seattle,WA,98109,48-586-7716,54-402-2456,false,$1.79
373,astennineac,astennineac@squidoo.com,Abbe,Stennine,5 Grim Hill,Amarillo,TX,79165,54-310-5927,70-066-3635,false,$7.76
374,jaickenad,jaickenad@creativecommons.org,Jaclyn,Aicken,6065 Northridge Circle,Springfield,IL,62756,44-788-9071,74-595-7228,true,$0.60
375,mdreganae,mdreganae@umn.edu,Mylo,Dregan,1 Lillian Alley,Independence,MO,64054,79-441-4676,61-641-1146,true,$1.59
376,ybrownbridgeaf,ybrownbridgeaf@ucoz.ru,Yvette,Brownbridge,915 Warbler Trail,Oakland,CA,94616,70-930-0524,35-324-0073,false,$2.29
377,brivalantag,brivalantag@purevolume.com,Britt,Rivalant,01 Atwood Pass,Hampton,VA,23668,58-629-9847,56-123-0769,false,$1.19
378,gpinkieah,gpinkieah@discovery.com,Gaultiero,Pinkie,33544 Eagan Trail,Riverside,CA,92513,47-155-6611,09-020-7407,false,$3.18
379,mduckwithai,mduckwithai@msu.edu,Marlee,Duckwith,3929 Darwin Circle,Hialeah,FL,33018,63-720-7499,49-905-8343,false,$5.27
380,jsclandersaj,jsclandersaj@shutterfly.com,Janot,Sclanders,83522 Welch Point,Fort Smith,AR,72916,69-596-1922,32-600-8160,false,$4.73
381,jaxtonneak,jaxtonneak@time.com,Jakie,Axtonne,8 Raven Place,Stamford,CT,06905,80-479-0175,19-101-0597,false,$0.96
382,mzavatteroal,mzavatteroal@networkadvertising.org,Martguerita,Zavattero,34180 Corry Lane,Juneau,AK,99812,89-634-5169,67-764-1391,false,$7.23
383,gmacgebenayam,gmacgebenayam@fc2.com,Gwenny,MacGebenay,36 Holmberg Circle,Charleston,SC,29416,31-609-2733,67-088-1032,false,$9.53
384,ldobsonsan,ldobsonsan@pen.io,Livia,Dobsons,2705 Northfield Hill,Cincinnati,OH,45233,61-864-4473,84-691-5722,false,$2.29
385,fconninghamao,fconninghamao@amazonaws.com,Fabio,Conningham,282 Grim Hill,Helena,MT,59623,18-196-8816,81-408-7435,true,$3.68
386,ljedrzejap,ljedrzejap@123-reg.co.uk,Lou,Jedrzej,19 Arrowood Junction,Syracuse,NY,13205,89-737-5554,68-158-6487,false,$3.16
387,dwagonaq,dwagonaq@freewebs.com,Debbi,Wagon,792 Hanson Avenue,Bronx,NY,10459,94-278-3284,56-389-8912,false,$8.36
388,gwetherellar,gwetherellar@answers.com,Georgie,Wetherell,13775 Armistice Court,El Paso,TX,88553,36-929-8418,38-201-9375,true,$4.08
389,tcordellas,tcordellas@europa.eu,Thain,Cordell,91116 Barnett Place,Los Angeles,CA,90040,49-923-4742,82-371-8410,false,$5.99
390,mmarhamat,mmarhamat@qq.com,Martha,Marham,51066 Almo Alley,Sacramento,CA,94286,97-064-5821,43-288-5325,true,$6.17
391,zpykettau,zpykettau@google.cn,Zahara,Pykett,76 Pine View Alley,Falls Church,VA,22047,33-635-2523,12-632-5064,false,$5.16
392,cahernav,cahernav@huffingtonpost.com,Clotilda,Ahern,821 Debra Road,Milwaukee,WI,53205,62-344-5472,00-163-2290,true,$9.92
393,dknowlsonaw,dknowlsonaw@oakley.com,Doll,Knowlson,64178 Rowland Drive,Dallas,TX,75246,88-609-8918,50-638-3551,false,$1.10
394,vbramhamax,vbramhamax@irs.gov,Vivien,Bramham,4 Brentwood Place,Salt Lake City,UT,84115,82-441-5979,47-151-6792,false,$6.12
395,crisboroughay,crisboroughay@mail.ru,Clayborne,Risborough,08 Clarendon Drive,Wichita,KS,67236,12-595-5911,06-028-9064,false,$3.88
396,sdudmanaz,sdudmanaz@comcast.net,Sherri,Dudman,825 Mcbride Pass,Washington,DC,20436,09-706-0007,07-284-3606,false,$0.91
397,mablettb0,mablettb0@woothemes.com,Millie,Ablett,02 Larry Alley,Savannah,GA,31422,61-625-2880,17-996-1703,true,$3.81
398,hdockrayb1,hdockrayb1@tripadvisor.com,Hale,Dockray,8998 Golf Alley,Jacksonville,FL,32244,27-879-3062,06-228-5961,true,$3.27
399,lhakesb2,lhakesb2@360.cn,Lezlie,Hakes,1 Columbus Place,Los Angeles,CA,90020,90-541-0375,34-198-6654,false,$8.94
400,bbeaneb3,bbeaneb3@live.com,Brigitta,Beane,85154 Spenser Lane,New Hyde Park,NY,11044,66-622-0467,68-963-7669,true,$9.74
